target,prediction
-7.453457, -7.557375
-4.539696, -4.111017
-2.494850, -2.982735
-7.301030, -6.652549
-6.319438, -5.958511
-7.251812, -7.023519
-4.850486, -4.834160
-6.391258, -6.652548
-6.397940, -5.627548
-9.000000, -8.142362
-7.602060, -7.218416
-8.698970, -7.659894
-6.071334, -5.936415
-4.947197, -4.653021
-6.935542, -6.617768
-3.074726, -3.414041
