id,target,prediction
mp-35822.vasp, -6.688453, -7.566447
mp-985582.vasp, -3.200660, -3.680616
mp-1407206.vasp, -7.051945, -4.109772
